metric,control,treatment,absolute_delta,lift_pct
ctr,0.07714285714285714,0.08888888888888889,0.011746031746031754,15.226337448559683
save_rate,0.027142857142857142,0.027777777777777776,0.000634920634920634,2.3391812865497044
cart_rate,0.005714285714285714,0.018518518518518517,0.012804232804232804,224.0740740740741
purchase_rate,0.004285714285714286,0.005555555555555556,0.0012698412698412698,29.629629629629626
revenue_proxy,384.36,446.61,62.25,16.195753980643147
profit_proxy,141.32,163.89000000000001,22.57000000000002,15.970846306255323
diversity,0.9496938775510204,0.9648216735253773,0.015127795974356872,1.5929128671827373
catalog_coverage,0.5379310344827586,0.7034482758620689,0.16551724137931034,30.76923076923077
