metric,control,treatment,absolute_delta,lift_pct
ctr,0.07714285714285714,0.0962962962962963,0.01915343915343916,24.82853223593965
save_rate,0.027142857142857142,0.027777777777777776,0.000634920634920634,2.3391812865497044
cart_rate,0.005714285714285714,0.020370370370370372,0.014656084656084659,256.4814814814815
purchase_rate,0.004285714285714286,0.005555555555555556,0.0012698412698412698,29.629629629629626
revenue_proxy,384.36,446.61,62.25,16.195753980643147
profit_proxy,141.32,163.89000000000001,22.57000000000002,15.970846306255323
diversity,0.9497265306122449,0.9642661179698216,0.014539587357576766,1.530923575253159
catalog_coverage,0.5379310344827586,0.6344827586206897,0.09655172413793112,17.948717948717967
