group,users,impressions,clicks,saves,carts,purchases,ctr,save_rate,cart_rate,purchase_rate,revenue_proxy,profit_proxy,diversity,catalog_coverage,ctr_lift_pct,save_rate_lift_pct,cart_rate_lift_pct,purchase_rate_lift_pct,revenue_proxy_lift_pct,profit_proxy_lift_pct,diversity_lift_pct,catalog_coverage_lift_pct
control,36,700,54,19,4,3,0.07714285714285714,0.027142857142857142,0.005714285714285714,0.004285714285714286,384.36,141.32,0.9496938775510204,0.5379310344827586,15.226337448559683,2.3391812865497044,224.0740740740741,29.629629629629626,16.195753980643147,15.970846306255323,1.5929128671827373,30.76923076923077
treatment,24,540,48,15,10,3,0.08888888888888889,0.027777777777777776,0.018518518518518517,0.005555555555555556,446.61,163.89000000000001,0.9648216735253773,0.7034482758620689,15.226337448559683,2.3391812865497044,224.0740740740741,29.629629629629626,16.195753980643147,15.970846306255323,1.5929128671827373,30.76923076923077
