group,users,impressions,clicks,saves,carts,purchases,ctr,save_rate,cart_rate,purchase_rate,revenue_proxy,profit_proxy,diversity,catalog_coverage,ctr_lift_pct,save_rate_lift_pct,cart_rate_lift_pct,purchase_rate_lift_pct,revenue_proxy_lift_pct,profit_proxy_lift_pct,diversity_lift_pct,catalog_coverage_lift_pct
control,36,700,54,19,4,3,0.07714285714285714,0.027142857142857142,0.005714285714285714,0.004285714285714286,384.36,141.32,0.9497265306122449,0.5379310344827586,24.82853223593965,2.3391812865497044,256.4814814814815,29.629629629629626,16.195753980643147,15.970846306255323,1.530923575253159,17.948717948717967
treatment,24,540,52,15,11,3,0.0962962962962963,0.027777777777777776,0.020370370370370372,0.005555555555555556,446.61,163.89000000000001,0.9642661179698216,0.6344827586206897,24.82853223593965,2.3391812865497044,256.4814814814815,29.629629629629626,16.195753980643147,15.970846306255323,1.530923575253159,17.948717948717967
