{
  "rows": 2480,
  "positive_rate": 0.03185483870967742,
  "roc_auc": 0.567975368912742,
  "average_precision": 0.04069168374061892,
  "ranking": {
    "precision_at_5": 0.041935483870967745,
    "recall_at_5": 0.15188172043010753,
    "hit_rate_at_5": 0.18548387096774194,
    "ndcg_at_5": 0.08607581804634078,
    "map_at_5": 0.07358870967741934,
    "catalog_coverage_at_5": 0.6413793103448275,
    "precision_at_10": 0.03790322580645161,
    "recall_at_10": 0.28897849462365593,
    "hit_rate_at_10": 0.3387096774193548,
    "ndcg_at_10": 0.1316982779828992,
    "map_at_10": 0.09008256528417818,
    "catalog_coverage_at_10": 0.8620689655172413,
    "precision_at_12": 0.036962365591397844,
    "recall_at_12": 0.3333333333333333,
    "hit_rate_at_12": 0.3709677419354839,
    "ndcg_at_12": 0.14514406436322747,
    "map_at_12": 0.09203585393101522,
    "catalog_coverage_at_12": 0.9172413793103448,
    "catalog_coverage": 0.9172413793103448,
    "artist_diversity_gini_simpson": 0.8516681600955796,
    "novelty_inverse_popularity": 0.8625038799283155
  },
  "proxy_uplift": {
    "weighted_clicks": {
      "baseline": 0.4888709677419355,
      "reranked": 0.3831451612903226,
      "uplift_pct": -21.626525899043216
    },
    "weighted_carts": {
      "baseline": 0.06741935483870967,
      "reranked": 0.06370967741935483,
      "uplift_pct": -5.502392344497606
    },
    "weighted_purchases": {
      "baseline": 0.03870967741935485,
      "reranked": 0.012338709677419355,
      "uplift_pct": -68.12500000000001
    },
    "weighted_margin": {
      "baseline": 2.47978064516129,
      "reranked": 0.4572322580645162,
      "uplift_pct": -81.56158453141016
    }
  },
  "proxy_uplift_notes": "Logged-slate replay diagnostic only. These values reuse observed labels from already displayed items and are not causal uplift estimates.",
  "intent_feedback": {
    "semantic_search_precision_at_10": 0.4433333333333333,
    "hybrid_vs_personalized_ndcg_delta_at_10": 0.0945566536662708,
    "not_interested_suppression_rate_at_10": 1.0,
    "post_feedback_rank_delta_at_10": 10.0,
    "semantic_search_cases": 30,
    "hybrid_eval_cases": 30,
    "feedback_eval_cases": 30,
    "notes": "Synthetic offline diagnostics only; not online uplift, not an A/B test."
  }
}