{
  "notes": "Offline comparison on synthetic time-based splits. These metrics are diagnostics for model selection, not production uplift or A/B-test proof.",
  "splits": {
    "train": {
      "logistic_ranker": {
        "rows": 7440,
        "positive_rate": 0.038306451612903226,
        "roc_auc": 0.6652283398923585,
        "average_precision": 0.06481277084856284,
        "ndcg_at_5": 0.13800361777255368,
        "map_at_5": 0.12202060931899641,
        "recall_at_5": 0.21505376344086022,
        "catalog_coverage": 0.9517241379310345
      },
      "lightgbm_lambdarank": {
        "rows": 7440,
        "positive_rate": 0.038306451612903226,
        "roc_auc": 0.9352569053661407,
        "average_precision": 0.49050362508856193,
        "ndcg_at_5": 0.5124097646613839,
        "map_at_5": 0.5244772998805257,
        "recall_at_5": 0.5181451612903226,
        "catalog_coverage": 0.9517241379310345
      }
    },
    "validation": {
      "logistic_ranker": {
        "rows": 2480,
        "positive_rate": 0.029838709677419355,
        "roc_auc": 0.5865909550448204,
        "average_precision": 0.04046700682124085,
        "ndcg_at_5": 0.08025579049574268,
        "map_at_5": 0.07943548387096774,
        "recall_at_5": 0.11626344086021505,
        "catalog_coverage": 0.9020979020979021
      },
      "lightgbm_lambdarank": {
        "rows": 2480,
        "positive_rate": 0.029838709677419355,
        "roc_auc": 0.5619453618206736,
        "average_precision": 0.0391308492993899,
        "ndcg_at_5": 0.09583745187684221,
        "map_at_5": 0.08991935483870966,
        "recall_at_5": 0.135752688172043,
        "catalog_coverage": 0.8881118881118881
      }
    },
    "test": {
      "logistic_ranker": {
        "rows": 2480,
        "positive_rate": 0.03185483870967742,
        "roc_auc": 0.567975368912742,
        "average_precision": 0.04069168374061892,
        "ndcg_at_5": 0.08607581804634078,
        "map_at_5": 0.07358870967741934,
        "recall_at_5": 0.15188172043010753,
        "catalog_coverage": 0.9172413793103448
      },
      "lightgbm_lambdarank": {
        "rows": 2480,
        "positive_rate": 0.03185483870967742,
        "roc_auc": 0.550023987895339,
        "average_precision": 0.03874591505583126,
        "ndcg_at_5": 0.08042099915949924,
        "map_at_5": 0.08010752688172043,
        "recall_at_5": 0.12768817204301075,
        "catalog_coverage": 0.903448275862069
      }
    }
  }
}